{"cameraMode":{"drawMode":0,"name":"Shaded","section":"Shading Mode"},"sceneLighting":true,"audioPlay":false,"sceneViewState":{"showFog":true,"showMaterialUpdate":false,"showSkybox":true,"showFlares":true,"showImageEffects":true,"showParticleSystems":true},"in2DMode":false,"pivot":{"x":1.3939207792282105,"y":1.7275819778442383,"z":-0.990946352481842},"rotation":{"x":0.11522374302148819,"y":-0.49269992113113406,"z":-0.06603632867336273,"w":-0.8600950241088867},"size":3.516434669494629,"orthographic":false}