{"cameraMode":{"drawMode":0,"name":"Shaded","section":"Shading Mode"},"sceneLighting":true,"audioPlay":false,"sceneViewState":{"showFog":true,"showMaterialUpdate":false,"showSkybox":true,"showFlares":true,"showImageEffects":true,"showParticleSystems":true},"in2DMode":false,"pivot":{"x":-2.455018997192383,"y":0.7842987775802612,"z":-1.8523139953613282},"rotation":{"x":-0.012599559500813485,"y":0.4107530117034912,"z":-0.005658215377479792,"w":-0.9117370247840881},"size":5.857884883880615,"orthographic":false}